{
    "Production": {
        "values": {
            "Crude oil": 581038.802904366,
            "Natural gas": 79123.65078740809,
            "Solar, Wind, Others": 5.588993981083405,
            "Total": 660168.0426857553
        }
    },
    "Imports": {
        "values": {
            "Oil products": 45504.24429158307,
            "Biofuels and waste": 107.56606477500716,
            "Total": 45611.81035635807
        }
    },
    "Exports": {
        "values": {
            "Crude oil": -371212.1023215821,
            "Oil products": -123392.10568930925,
            "Total": -494604.20801089134
        }
    },
    "International aviation bunkers": {
        "values": {
            "Oil products": -3440.9898575874663,
            "Total": -3440.9898575874663
        }
    },
    "Stock changes": {
        "values": {
            "Crude oil": 5467.841788478074,
            "Oil products": -1018.7087990828318,
            "Total": 4449.1329893952425
        }
    },
    "Total primary energy supply (TPES)": {
        "values": {
            "Crude oil": 215294.54237126204,
            "Oil products": -82347.56005439647,
            "Natural gas": 79123.65078740809,
            "Solar, Wind, Others": 5.588993981083405,
            "Biofuels and waste": 107.56606477500716,
            "Total": 212183.7881630298
        }
    },
    "Transfers": {
        "values": {
            "Crude oil": -55836.939906372405,
            "Oil products": 65232.098500047774,
            "Total": 9395.158593675369
        }
    },
    "Statistical differences": {
        "values": {
            "Crude oil": -3.637978807091713e-12,
            "Oil products": 4629.675231369751,
            "Natural gas": 3908.7937080757583,
            "Electricity": -2654.9590251074806,
            "Total": 5883.509914338025
        }
    },
    "Transformation processes": {
        "values": {
            "Crude oil": -156693.0777723503,
            "Oil products": 104551.44951354887,
            "Natural gas": -56094.71173844949,
            "Solar, Wind, Others": -5.588993981083405,
            "Electricity": 27575.178285640584,
            "Total": -80666.75070559143
        },
        "Main activity electricity plants": {
            "values": {
                "Crude oil": -11902.679035018522,
                "Oil products": -17539.78694946021,
                "Natural gas": -27265.968402776365,
                "Solar, Wind, Others": -5.588993981083405,
                "Electricity": 18636.02751504729,
                "Total": -38077.99586618888
            }
        },
        "Autoproducer electricity plants": {
            "values": {
                "Crude oil": -5988.750700645068,
                "Oil products": -6400.429922613929,
                "Natural gas": -28828.74333567313,
                "Electricity": 12238.177128116939,
                "Total": -28979.74683081519
            }
        },
        "Oil refineries": {
            "values": {
                "Crude oil": -138801.64803668673,
                "Oil products": 136726.82521814428,
                "Total": -2074.8228185424523
            }
        },
        "Energy industry own use": {
            "values": {
                "Oil products": -8235.158832521258,
                "Electricity": -365.9769164230438,
                "Total": -8601.135748944302
            }
        },
        "Losses": {
            "values": {
                "Electricity": -2933.0494411006016,
                "Total": -2933.0494411006016
            }
        }
    },
    "Final consumption": {
        "values": {
            "Crude oil": 2764.5246925393258,
            "Oil products": 92065.66319056995,
            "Natural gas": 26937.732757034348,
            "Biofuels and waste": 107.56606477500716,
            "Electricity": 24920.219260533104,
            "Total": 146795.70596545172
        },
        "Industry": {
            "values": {
                "Crude oil": 2764.5246925393258,
                "Oil products": 4351.735454284895,
                "Natural gas": 21002.820291706263,
                "Electricity": 4395.9236457437655,
                "Total": 32515.00408427425
            },
            "Chemical and petrochemical": {
                "values": {
                    "Natural gas": 19098.218603061538,
                    "Total": 19098.218603061538
                }
            },
            "Non-metallic minerals": {
                "values": {
                    "Crude oil": 2764.5246925393258,
                    "Oil products": 3574.6612230462447,
                    "Natural gas": 1904.601688644726,
                    "Total": 8243.787604230296
                }
            },
            "Non-specified (Industry)": {
                "values": {
                    "Oil products": 777.0742312386503,
                    "Electricity": 4395.9236457437655,
                    "Total": 5172.997876982416
                }
            }
        },
        "Transport": {
            "values": {
                "Oil products": 43868.30019236095,
                "Total": 43868.30019236095
            },
            "Road": {
                "values": {
                    "Oil products": 40456.24785654295,
                    "Total": 40456.24785654295
                }
            },
            "Domestic aviation": {
                "values": {
                    "Oil products": 1099.5475733854412,
                    "Total": 1099.5475733854412
                }
            },
            "Rail": {
                "values": {
                    "Oil products": 2312.504762432558,
                    "Total": 2312.504762432558
                }
            }
        },
        "Other": {
            "values": {
                "Oil products": 6505.187613667096,
                "Biofuels and waste": 107.56606477500716,
                "Electricity": 20524.29561478934,
                "Total": 27137.04929323144
            },
            "Residential": {
                "values": {
                    "Oil products": 1845.3305648593819,
                    "Biofuels and waste": 107.56606477500716,
                    "Electricity": 11181.5660361135,
                    "Total": 13134.46266574789
                }
            },
            "Commercial and public services": {
                "values": {
                    "Electricity": 7794.228718830611,
                    "Total": 7794.228718830611
                }
            },
            "Agriculture/forestry": {
                "values": {
                    "Oil products": 4055.7014065404896,
                    "Electricity": 421.7870163370593,
                    "Total": 4477.488422877549
                }
            },
            "Fishing": {
                "values": {
                    "Oil products": 604.1556422672243,
                    "Total": 604.1556422672243
                }
            },
            "Non-specified (other)": {
                "values": {
                    "Electricity": 1126.7138435081686,
                    "Total": 1126.7138435081686
                }
            }
        },
        "Non-energy use": {
            "values": {
                "Oil products": 37340.439930257,
                "Natural gas": 5934.912465328087,
                "Total": 43275.35239558509
            },
            "Non-energy use industry/transformation/energy": {
                "values": {
                    "Oil products": 37340.439930257,
                    "Natural gas": 5934.912465328087,
                    "Total": 43275.35239558509
                }
            }
        }
    },
    "Electricity output in GWh": {
        "values": {
            "Crude oil": 57625,
            "Oil products": 65201,
            "Natural gas": 236027,
            "Solar, Wind, Others": 214,
            "Total": 359067
        },